,year,similar,publica ratio,religio ratio,medica ratio
0,1660,cure preachers sacred_majesty earth support address foundations scripture priests gospel opinions sovereign sacred quality deceive obedience christian satisfied apostles proclamation divine children esteem debt report commons power improvement lives rights best consider honours committee declaring messengers due_crown livings imperial method king_charles case majesty_graciously reserved established churches certify honourable reign ordinances improvements appoint confirmed fee_farm large persuaded examine double privileges dominion court_exchequer business denmark government_church sufficient councils father revenues lord_chief years_together kings_rents continued sense annexed brothers property custody accountable council supers inconveniences capacity high belongs chargeable treasurers accountants statute please lawful thousand_pounds rent purchased short happy doubt dignity zeal payments ceremony,0.21,0.18,0.01
1,1664,thing estates nation sort ways house ordinary queen according nature metal earth power age kings half quality plain black several reason born self virtue vice lines whose saith represented glory general enemies taken pay labour neither nothing heads things divine third crown city manner excess degree faith head poor right left small fire times spirit attire nobility virtues letter virtuous antiquity true examples annum order whence gods value cloth bear gold colour least better sometimes name ancestors merit rest mighty live next used mechanic families fame hands minds rather rich high work heaven persons light family mother charged military wornorators acrid_name beno parrot mater garrion_quarter town_clogher thouands treaurer boat passage peter_st eudox cambden_appendix midt catered blaphemy_god true_faith conumed jovial stuffs bp_dublin undoubted prelates whooever phariees irish_priests mac_nemarras brothel intrinsic gratiouly john_lord indulgences amterdam wexford_town conited conrad earl_eex poise_ireland arrians earls_george plough thomas_lengthier maacred annum_baits bourk policies venerable hit adieu monks deemed merchandise admit_popes regalia wools_wool bourks coronation ack neils piety_duty army_invades ely irish_pipits bore_cloghmaine thomond preach english_birth strabane_slane strongbows confuion diolve proving oberver pagan promoting orourk became_potent bless dat trongly quarrel bore_byrr kilmakey_goerge gudgeons bandonbridge_bore ships_war crow mucovy_company great_alteration henry_sidney ixty troop caricaturing bloods louth_murrough rocommon rid obtruct_trade hance,0.09547738693467336,0.09547738693467336,0.020100502512562814
2,1666,loss exact description prison security sufficient naturally millions_yearly worthy utter pretence polanders namely reckoning saith satisfaction sword already untrue chiefest affairs foreigners excellent imprisoned govern easy westminster prisoner india live send stands bishops_palatines showing maintain fore pass served needs low_countries note limits add necessity hundred violent omitted sent supposed reckoned commerce containing newly prion risen poles sure new ut pontyngdon damage segrave ometimes riches greatness rules honours wine fleets continual claim thousand ended quoad willing noble acknowledge use applied meant sibi skewis resolution fruits si famous void reports submitted algier deliver differences entry altered moors suit die_ad soever east_indies grown,0.08,0.09,0.01
3,1669,valour space imperial love presence alexander died_issue daughters fomented isabelle guardianship_uncle brave ground defend saxony telling thierry sister favour duke_bavaria dying house died_year duke_beribboned ninth seventh glory desir broke mompelier philippine begun surnamed obligation empire books hollanders_flemmings king_spain revolted noble common_wealth dolphin_france sixteen joy gentleman alide_countess henry succeeded lived st_laurence declar requite rome countess_holland depart divers_children overcame_frizelanders succeeded_father item obedience bred overthrow daughter_charles egmont writ iames settled maximilian conditions women marriage_void robert_frizeland turks otho italy econd louvain fifth countess glad siege germany aunt born minority promise hate valiant assistance children_wife besieged partitioned lancaster memory drew solemn chosen_emperor administration possession stood,0.11,0.06,0.01
4,1672,promiing bought complaint maintenance lest promised served political durst bloody edict fail deaf scholar mis forementioned promise naked upply finih reputation conscience keys ones landed ears commanders excuses sell weary loss furnihed labour est hoping oaths appointed rent circumtances refused confident advised mistake finish silent difficulties reolv fraud hopes_attaining concern proof fared supplied japons impoible tender expecting patriots confeion ober libels stronger wort tumbled nevertheless honest curate intance mieries sport orry complains barbarous earch meant unlawful quit fishing expectations laden confeions violence_soldiers thinking oh led satisfy considering bravely bumpkins winner employment prepared atisfied thouands prevalent dwelling oath cooks river_gambo dipoegiving_name circle silk major jealousies groenland brief_account moves accidentally castle sugar_cotton sugars drugs eastward blessing larica inconsiderable popish famous_empory corinth protestant pepper_ginger persian roman allom malacca iceland exercise expert cavendish mar_del spoken baltic_sea fishing invitation line cotten_cloth barbarous depended indian_seas domestic emanuel_common coat_arms country_abounding st_jago wines_oil piety bold william_webber cochinchina joint progress memorable amber secrets dicoveries cape_word fruit fruitfulness occasioned ethiopian_sea tartarian_sea cinnamon_ginger considerations subjection cambello collins majetie fretum_davis euxine_sea sailed namely amboyna_banda sore indigo begins sixty december experimented runs ginger behaviour saffron orders terra bed_fellow hudson st_thoma whole_world upply ieland whereof_named salvador barberry partly consideration renowned compass speech advancedwandering mesh gr_lat act_prevent sanguines comet uncle army_paying aliquot incurable decimo act_granting vary preventing_abuses vader repay draughts_charts psalter bishop_chichester art_gunnery declarantur law_retaliation sub beer_ale illustrious_excellent william_dugdale belgae_ex coniders bores antimony frenchman faces redeem_books matheseos_professor treasurers disturbance cookery belgii arising_herdsman free_cities oxoniensi_regales clerks_tutor allen_banks fob palatinate bound_sold monks sturmy guide_young evidences breme hac scriptarum logica tenure academia candying dicoures mechanise_sive exchequer_act sessions compasses guicciardine thousand_hundred isaaco_barrow peronal_etate stage lexicon vineyard universalis etymologies meres_causabon collecting_duty succinta knight_baronet lucasiano edict_nantes turgidity debtor pleadings sergeants boyle_fellow philosophia psalm cooker war_continues nemo cut_pure potent_prince sewers entitled_act regis_anglia timber_stone philosophiae vossii bradley_minories akin offence awake lightingpassions gums_drugs eize increaed hall_deire siege malacca question_whether diamonds pillar excellent_oil direction admiral rich_merchandise undertood worn air precious_stones sugar store red_sea silk_cottons speech shores_whereof convenience cottons causes large_capacious seek miserable fundamental oleander discoursing reduce punishment flag affirmed stronger alicant forthwith charged calm vincent castles despair bravely supremacy feet suffer colour rudder ones mines road produced wool tortures mountainous refer parliament fat cochinchina towns_places ophir ilent lighted toweron ormus elewhere pared emanuel_common revenge convince bold dipered growing iceland united curious treaon dignities cups capacious crime respect taught conquet therewith ineffectual relating indigo chief_towns punta bodies north_eat pound_weight rains main_continent window equipage,0.12594458438287154,0.06801007556675064,0.012594458438287154
5,1673,bishop fourthly poeed family else stop_progress stand fully universal faithful peak change fleets tend lastly knowledge policy perwaded cause repect monieur conider appointed undertaken arguments invaion prevented followed less jut courage poland treat_conclude united_provinces chritian_king author haring receiving united burgandy destroyed ecure wore concluion danger atria dividing necessary charles zealous ruin commodities interruption inclined conequently gem lyon gone readiness quarrels creatures continual greatest fight tenant tolerable case enjoy hours examine discourse discovery intentions turn equal conferences pretend pleased secretary_trevor lot commanders least valued mediators head mere respective lords share miniter tate promied inconvenience fatal flame atisfied wisdom soon turk collen,0.05,0.11,0.03
6,1676,honour hopes government nation peace far subjects liberty new court return army state love thought present church forced spain fears englih queen whose majesty life ruin home earl others english majety scots safety crown fury common house carried justice arms high religion counels duke arts afterwards next father letters princes nothing war rather gave abroad france received making leave coming scotland work enemies prince god ordinary able care world bill formed deigns fear whole encouraged less town raied fire none right lay sent empire pretence rules longer designs chief glory lat counsels believe prudence favour makes winds followed advantage togetherfierce abused places_convenient false hamilton treason sacrifice odious preserve succours pleased leather treasure restraint spanish projected jewels favours woods_timber ooner twelve_years colour patriots lives_fortunes christ_church aitance necessitated impostures barbarous weave labours fortunes vermin levy spoiled died lords_gentlemen points prudent sept treated address hard storms accord rooms courts meaning secrets thoughts chest morning devoted observations speculative grief pretending negotiated breach exchequer teaching sums_money coniderable hoped lest confirmed lower corrupt anwered authors embraces exceed scheepens cornwall got grow prayers terrors verse lands_regitred jutly neglect words_act question sunday thirty monarch pleaded treat gentle rates lead assistance evil wound follow genius loss provision considerable,0.1457286432160804,0.11055276381909548,0.010050251256281407
7,1677,teals ort_people aves adieu complaint produced woollen offered ore coin pray entrusted horses whatever ordained_constituted instead sensible double sometimes frequent intent fact ucces justly easily salt imagine native view orphans false encouraging merchant_shop flanders_linen horse foreign_trades along_south import distress maintenance added million mall coniderable etting thereon carefully principles expect drapery great_measure silver proverb etling poibly equal_benefit dying gives_employment high_living treasure night amounting continued cathedral_church retauration obj believed tore quite removed knows states china employments rendering dicourage kingdoms_stock englih_merchant worse evident neighbour_nations looked penny destructive consequently raised horrid lords thereabout careful_diligent probability certainly getting revived sea_men greatest puts fellow treble deprived,0.2,0.12,0.01
8,1680,heirs_executors earl_carlisle grants merchandises harmless directors april states_holland mention past undoubtedly raised instead assigns purchase common_alliance costs aigns left supply satisfied benefit conclude number assurance accounts pretended mind recover india quiet former popish_interest admitted estate useful acted moderation forth treaty_breda easy men_war orphans_widows aforeaid enemies danger_popery tend henry_bone considerable measure apparent strong_enough possession probability proprietors pay amsterdam concern humble regard raising intereed proportion deed sterling land legally inhabitants servants lading families paul_pindar jutice lot pray aurance carrying crown_england island entire formerly charges give_money liable planters partners seem ecured bona property careful offered houses differences jacob_pergens assistance prince_orange letters_patents king_kingdom bound,0.26,0.08,0.02
9,1681,state_affairs news oxford_tom finds safe gaffer sam_pray ate troubles putting stories angry house_commons sate noblemen_petitioned boys face prentice doings undo urely penioner prate stayed sitting unexpected bishops suffer boy ought faults art_right fellow act_oblivion alive uffer obey hew grand warrant rarely cured voted hours lawyer tom_remember choen sit prentices wars compelled brave motive complain meeting dost burden chosen sovereign humble perceive willing plot pieces met indifferent noble_men harris surely wie suffered afternoon fittet sam_prithee speak treaon opinion speeches vain tompon ply deerved story meddled rogue michael_la mad scholars_oxford hopes wore submit thanks hounds pray constrained killed thouand hoped amongst successproves stockings laced travell comedy brothers decking box nicorn forty_degrees twenty_peers dover murdering eat_northward barely person_persons gun_knock fat_ones heirs_succeors dry sony mar star_appeared trodden front_river adopt prevail tobacco_plants tough proclaimed_king reigned_thirty virginia_sun cover moon_aftern farringdon offenive arthur sun_rises synod_held parted min_night holding days_days reembles bays_rivers parliament_wetminter thavies_inn bihop_wincheter statutes wilderness sentinels tranplant neighbour throw breach_promie ixth albemarl truck_face utterly_defeated sing ignifying fixed_feasts exeter fear_expecting motion_given large_gifts burgees gracious vault vine angered humane_affairs breadstreet governed_laws buh poeions attendants guymond revelling hacket conjuration ordinances danes_discomfited twelve_months betwixt_hope ruel table_hewing terrible_earthquake preents_heirs agreeable_laws privately heretic budge_row ordnance devilih butler juridictions wallo_popes continent_america reconciledweek easily lumbard gallant principal_gate repaired_rather feathers prince_wales story rochester tately hopital enclosed wild_fowl plover work_wall royal_exchange decor river_aforementioned scales waving grievous westward bodies wings hudon_river restored infinite_number custody save arguments understood agreed serves stones begg fertile square debate william_walworth tuft vaults roman writes undertook suburbs ran moon presents repair thick canterbury fellows flesh help aim joy encompassed heaven pity pair parkling farewell point_land hung nobly_rebuilt cutoms horseback else liberties portuguese prey rain_water contents apparel flew malice revenues piers cellars wife fields danes bowl dreadful st_jame speedily several_sorts proclaimed beans gloucester fill aggravating udden maboya creep conceiving increasing coat store_houses,0.08053691275167785,0.10067114093959731,0.010067114093959731
10,1682,envy wore women high_mightiness asked interrupted_ariadne van_dam kindness deerves amaz throwing oberve breathing warrant pox misfortunes give_leave wonder heavens cure damn ooner wife idea zeal treat ye omething hell eem engag betray throw ere repent enible tood animoity pleaure paion meenger forc laugh bail cheat sergeant ignorant mierable mention mock wee generous lockets invited lewd health meet wretched kiing revenge sun angry prevail perwade promied threw confident reply_ariadne quarter_hour afternoon bles kill properity tay ink abolutely determine rye joy extravagance cry_marwoud marriage entertain expecting acquaint beginning pertinent uneay confirm ha augut writing lov entrust news curious lodge miery bethought armangry smile directly betray warrant cry_marwoud perwade remember next_morning glad dirt confident alone kindness happiness prion misfortunes treacherous heavens morrow replied_polydor mierable thouand wore forbear cure wonder confirm ring_gold wretched wee try throw poke cried ere promie cheat entertain orry paionately lov lockets marwou pitiful patience talk pox meat marriage worthy bid poken looks news suit tone pure lewd mitres pertinent wife give_leave ha view damn oblig enible church vehemently melancholy hither rob whore quality asked dipatch cruel women reward embrace pleas learn deny isle wrote bottle undertand inform god bail service reply_ariadne brothers perfect mention fell related mock counter,0.020100502512562814,0.10050251256281408,0.04020100502512563
11,1683,makes honour salt number manvel ince promie forthwith almot years remained contentment whereupon decay ill obligation quoth courage rate carried perceiving pure delivering equal advantage kindness ground harlem praying knowledge short jewels common pipe ret amongst revenge rest small boor hope reaon end match best cor surprised several dark cheating determines afford kind bags deire aid fraudulent play thanks crying dom_heer occaion aim acquainted rage amongt alive security buy bought writings cheat warm change endeavoured sooner lest upper perform party parlour fraud begins extreme oblige complaints paper teach ell purchase length cause dutch seem dirt villainy monr epacius wench fact,0.07,0.1,0.02
12,1684,george_stanhope decree_sentence creditors_widows repaid fully_advanced henry_maingberd benjamins revive_former st_martins succeively mary_hannah executed_preens citizen_freeman marriages robert_gouning defezanced reignation defects copartners brother_heir christopher valid suit_revived amongt_children eldet plaintiff_sarahs george_rooke lady_bruce searles jefferies pacifically_devied parih houses baano_junior actual shares lat_earl deborah_died baano_younger houholdtuff unpreferred_children literally enrolment_dutchy duchess_peron penned lord_finch marriot lady_katherines allow_future grantable purpoes devies gaining deed_lead earldom divers avoid_impeach voluntary_conveyances younger_son livery younger_childrens henry_howard duchy dukes_intention rely months_death sheernes scandalous intestates child_born dears commissioners body_remainder double_portion wright ought_enjoy conidering aunt lady_audley poor_kindred southampton_life covenanted_pay aent_legacy redeem_mortgages rectory reverion_mudghill natural_affection nderwood trade_common ets_forth contingency_happen jeffreys behave appearedthe certified late_majety integrity vere_pawlet avoided fairly_executed,0.2,0.11,0.04
13,1685,else hard freh bet thinking inform sudden enough showed provided ue justice past necessary office peculiar idolaters papists next_morning usual motion belly business gem suspended numerous judge difference imaginable beat hour_circle fleh next_place practice ran evening wear speech slaves grey erve appointed book complemental begins piece guilty armed remedy farmer required selves degrees_min forty clear looks work aboard proceeded husbands road_bantam whatever prov sunday pardon granted flesh months commons governors judges understanding barbarous openly trial elves quarrel wings serve retreat beginning demanded commissary_general afraid road warrant acts maters fire ordinary dinner assured desire commiary_general ecclesiastical gun_gun month bishops_counsel money foremacao paid putting continue lively fresh_water ethiopia emersion_first excessive error higher french_jeuits fleets foul applied stream vast_number ten_twelve huge religions sails mountanous_barren canon los corn_wine blow tide difference_meridians observ leeward hit satelles joy obeyed abissinia serves perfect die suspend christianity glad differences sea_coasts abouts fifth resemble danes charges choice sugar_cotton advantageous chili castle perwaded hitherto delivered custom arrows advances towards_beginning louis calling throughout alban isle_madagascar east_west tempests instances paing biledulgerid mount consort abounds_things sought wax pleae knees wou poles true_longitude guayna distant daring risk soil_fertile maintenance ditch respective mine_silver alterations dates realms aluted discover fellow borneo harbour sickness cancer monieur_joyeux,0.07537688442211055,0.10552763819095477,0.03015075376884422
14,1688,black received recover success intended sea hopes child house boat white reolution conceive intimate pleased whereof arrived fagel life felony extended los maintain sum convenient esteem bringing besides commands cities declaring lordhip prisoners circumtances chritian heartily seize belong estates aboard desire await scorn fight satisfy persuade considerable argue syamers ought july commission news policy sufficient honet meeting reolv small cruelty magitrates palliate arriv cringe destroy miniters zeal sending imply boats wars got lot strong excepted note accusation pleasure great_deal maxims modesty doors afterwards prejudice varillas soldiers gracious hang john happen paages requisite arms quite relations eel boldly par madrass already,0.06,0.07,0.02
15,1689,rights_privileges exempt poeion horrible delight gains_financiers communion_people perecution perwaded attain violence_committed interets bewail ubmit groans exactions grandeur hew pay_taxes reigns influenced ancetors mieries manage dominions perih grandees monieur_colbert miery forces eae persecution edicts gone cheating asylum torn conider ancient_nobles belonged behold exception tyrants king_coffers eize extremity ornament air decided beggary designing happens reducing fitting mad popih quickly bread noblet nuns funds wine retrench church_oblig monsieur utmot_violence ubtance andrews oppreion formidable caves mount tribute charles courage fallen humane voyage longer_thing mounted king_expends potent impos guard preservation wherever raiing rais superiors maintained names ammunition men_women livery weal annihilated almot monarchy mans exceivefolly sacred conquer_countries archers thirty_forty slaves decided peaant weal immense_sums tyrants tanding formidable etting chamberlains_office wherever inserted fury rewards normandy hou circumtances potent fancies imposed banih enible succeeded mark ensue poise protector miseries despotic_power excessive tempest dar balance_betwixt speak ingle purchas politics pleae fail finally immene_umms restore minor edicts regular popih pleaes fidelity disgrace potpie improving pound_annum unlawful abilities mercy heavier perform sanctuaries excees exact pay_taxes creation_new marriages popish opinions narrative abolute_power jealouie lodgings possess piety deed discouragement feared perwaded circumstance ubject depend derive_dominions torn conquer north preerve manifest calling lewd expedient private_perons pull impos affirmations scene oever oppressed influenced,0.09045226130653267,0.09045226130653267,0.005025125628140704
16,1690,traitors protestants whiled placed taunton warders vessels pare_nails russell regiment wears repeated saving liberty_conscience ambassador throw satisfaction servant clergy west warder_lord ran closet glory soldiers broken forty_years sent seized lieutenant lay spirit pleased promised nails destroy orange february addresses wounded love hours passed towards confessor afford justly preerving news shaftesbury return_highness cry rye dye town noise hughly acquainted captain managed declares reconciled committees confederacy seven discovered durham broke frequent presented contradictions popish_plot ministers happiness promising inhabitants besides thirdly paying designing soldier endeavours papist fear correspondence month paul popishly_inclined arch lloyd_sentinel wished lodgings_murder betwixt notwithstanding gentleman pared_nails hearing clock_morning congregational_persuasion latelywhence satisfaction dipoed presented_humble gem dioecess liberty_conscience addresses schismatics countries deigns congregational_persuasion quite_contrary thankful_address promie popish_successor popihly_inclined measures chester instructions liberty_concience ministers addressers addreers managed presbyterians_quakers circumtances books fellows durham dean_chapter detroy popishly_inclined justices noncons beyond cost assist submit discoursed credit honourable_commons richmond resolved houses promoting flattering action conquet fifty light riches deire possible englih_men dutiful presented ensue councils union conequence roman_catholicks promises received_money spake title providence congregations concluded paed different manifet yoke erecting although noise prepared sovereignty shipping promised thank resolution lo dissenting_subjects members publihed estates exposing sufficiently address_independents confessed favours introduce_popery keep convenient restored baits arms_order decor bespeaking,0.08542713567839195,0.1407035175879397,0.01507537688442211
17,1691,scales preently leaf edge caus experiments_obervations ones subtance oberv_loadtone metalline hour cloves taste quality glowing_hot gather magnetim glocestershire bigger rough amber staffordshire attractive_virtue lower_extreme mars magnetic attract mercury inclining heat refrigeration corpucles betwixt lancashire olid filings_iron bark beaten green_colour juice dorsetshire york cheshire eggs sun bedf expect steel drinking wall south_parts gum somersetshire scent papers big inch buckinghamshire comb northumb try_whether colours fermenting clean kentish eaily eden loadstone westmorland plants hardness wiltshire particles cambr mineral reddih differing coffee ounces following_experiment colliions stone_fell smell oxford coals fingers variety sunderland lincolnshire saith move fire_kindled grains somewhat lone hotly mountains flat plentifully finerprobability reply_thereunto properties prohibited_worn consumption_english memory mentioning_true paed humbly_pray aforeaid clause discourage_navigation ere receiving eager expoed oppoe protestants parties liberties losing omitting depend paing attlee enjoining manufacturing uage ret_majeties contruction equivocal mentioning question censured_parliament reide ubmiion bengals shortly contend countenance claim home_consumption expended construction fellow_subjects performed diorderly orders dicovered spoil impoverish_manufacturers right_subject measure sight prohibitory garrison beyond_seas pursuant anointed cloths_stuffs load recommended permitting wearing_silks stronger chaune asserting woollen_manufacture proviso economy thereto wool_fine expense_english absolutely_void majeties_conideration query complicated toys deserves consists princely stuffs_manufactured woollen_silk ran enemies_hands commanded clad aid_charter difficulties aid_powers necessarily licene particular_description conideration_premies promie friend cenured_parliament affections powers_unlawful preventing_exportation,0.18090452261306533,0.05527638190954774,0.02512562814070352
18,1693,motives govern common_enemy expoed reflect commentaries forward winter victory persecution dialogues learning_learned attempts orange christ edition several_subjects historical remarks imaginable collections rich turn churches transferred sermons speech whole_world reformed decent treat cut present_state christian_religion schism pagans_debt dowry provinces master_rhodes pull engaged polity separation troops marlin sacred finding popery amst conduct view bp_stillingfleet illustrated peter_aubusson disc dictionary descript considerate_touching spaniard considerations description preached landed johnston_excellence deluded german almot deign aitance council_trent great_lover epist rob book_job preparations join secretary attacking arch soldiers forc reolution complete loes philipsburg unanimous_conent comply america letters arms dignity probability sides freeholders whence generous sea_land arch_bishop revolted enquiryuurper plots evangelical tongue receiv divinity_octavo bihops soave van lastly cara_mustapha loyal_subjects capt removed managements_cardinal invited papist commanded vvest_indies parliam languages wants_title marrow monks armies battle_st ogilby invading possessions seat revenge expectation sacrilege answ ancestors confusion ec project rob pierce edition_enlarged anatomy solemn pet russia unlawfulness_subjects baxter inquisition quarto defeat finis spaniards spaniard milton destruction article mont_aventine pleasant turk lords_supper groan temple arch_bishop apart watch bishops antiquity arch foot truck adieu inundation paraphrase seller heylyn period stay pieces undoubted coats latter_end aited sees physicians grace cromwell expense alsace taking_arms transactions franc establish middle_temple dispers arch_bish justification english_history regular interpreted arm,0.09045226130653267,0.1457286432160804,0.005025125628140704
19,1694,grown grievances harbours nobility beauty eternity mighty treacherous prophets providence soil mercy merit fingers peculiar puts turk defend cellars plainly sound dreadful men_women selves tinn cautionary extremely linen_paper growths figure sick example plague cruel instances tands spanih side utmot chiefet turks dependence moment buildings jews commonwealth honoured fathers filled confess doors caued hang prey reader stone clouds discourse como interests beats arm degree makes_soldiers consumption decay_trade fundamental delight afraid glorious supper principally english_merchant straights cat govern influence bleing heads absolutely populous gardens seas diets sword manifold wits nets naples winter foundation fill springs drained burn heavy spoils beasts cities calamityheart solomon propoal throne betray unwilling mitake project honourable_houses emblem intolerable ridiculous courage meat methinks buying_selling possible wise heartily advantageous turn avid sighing_needy blessing labours pleaed kindness effectually faithfully stocks fruits predefined seen maud_daughter preened_war side imposition riches_nation contant impoible reaonably met powerful beg mercies altogether natural multiplying common_wealth follow reach bleing pleading religion flourishing cry_poor horrid eternity represent bless_lord flourih awe blessed treaures denied heavy parliament_pleae loes acceptable flourihing artificial deign ends_government poible constant deerve wonderful encreae_trade debates evident boy field strength slaves conidered labourers distance benefits_advantages dicourage raiing possibly plants pack gained repasts counter navigation richer wealth equipage,0.09547738693467336,0.10050251256281408,0.035175879396984924
20,1695,clamour spanih trag_lee joy natures monieur mutual tyranny american_islands dogs perians richlieu turks seaman spirit isle dyaling trag_george pretensions monsieur several_tracts cobbler tartars persians party italian portuguee rival engineer jeans several_times differences back thoroughly convert mount siege_vienna portuguese stratagems rutherford seminaries innocent hieron divers_tracts sea_fights groans isthmus_darien pretended gravity gulf mediterranean butter adjacent puritan school cheat ormus plague european_princes england_stealth extend retain farewell defend colour renounce vicinity southern commits serpent talents newcastle armenians rich_poor witchcraft stood indians usbeg_tartars vitae exhort jacobite fight rerum intelligences executing coast_africa jacob admonition christianity punish defences differ worship cuts practie dreadful material_occurrences mohammedan du_moulin mervaimprov airbrushing possessing crave relating_thereto forfaulture comply pertaining prosecute potent erves natural_bodies demonstrate admirable unexpected confederate hearing suddenly preparation son_saint counted somewhat polite gratitude pursuit goblet proven disgrace appear_scots deeds deputed prognostic foresee lasting eize undeniable libel hazar atisfaction guilty suit trength converation indirect plain_demontration flowers preventing devotion utmost_peril obj pretend_right impunity excess renders grounded tronger journey resolving pretending animal examin combats practised remembrance turned wary homeward perusal clerks baton proofs abide workmen aize dicretion counsels far_considerable pleaures decide dry despair kingdoms_dominions correpondent enclin struggle interets princes_blood infancy treatments dihonour rare undergo uddenly national_bank seldom toptchi_bash impose ow mostly management_affairssuperintendent bagshaw patronage coronations policies professors memorandum meengers allies buried notice_whereof religious punihments trike oppose priest sophi rupert eloquence gunnery ingratitude respectively playing presented_memorial jocose intimating refus antidote ventures moderator colonels pleaded missionaries palatines aitance nov catholics principalities proclamations_issued alcoran representation hasten drinking legacies determines bash collections alteration_coin favourable openly derogats kinder placed londons ks charnock ars motives_turn authority_fail micellany hopkins disagreeable airs repreented massacre foundations exhibited sail_trade james_proclamation glories confirm mohammedan_priests retire country_gentleman fidelity chronological marches gentlemen_councellors timberline cabinet jew alliances divorce propositions nicely cha_hegber signify_pleasure israel gate divers_select nazir indulge clifford kerman rejoinder garraways permits enter_league queer refutation,0.11409395973154363,0.10067114093959731,0.020134228187919462
21,1696,rome sacred zealand bishop affection match robert princess victor_amadeus nay obedience receiv articles_peace humble father george york whitehall separate_article congratulate throne happy offer son speech adherents princes_orange daughter fought preented kent dublin serum electoral_highness great_britain conspiracy delivered elected hearts love joy sept king_brother excellence resolved happy_accession pope waited siege proclamation_apprehending popish urrender chritian_king murder young_prince news count states_holland marquess invited france_navarre duke_york title engage give_leave lumley neutrality_italy sovereignty lewis deliverance truly sovereign whore acquaint convention jan parliament_prorogued richard proclaimed robes turin_july chancellor gracious dyed justice slain placed ambaadors_chritian prorogued happy_acceion sworn accept catholic_majety dignity discovery attorney_general conpiracy ratification palace_rywick britainrest_conspirators intents_purposes refuge obliges tons furnished cadwallo addresses compensation counels contrived conquet ethelred designed secur ask odious issue slaying interim imperialits conquest disappointed ubit wits debated undaunted request thirteenth presents bimbo hire fourteenth diappointed beginning_reign heretics countrymen battle_slew commission begun restoring overtures restor shaban convent subsist excise_beer expensive counsels consort assisted order_thereunto purposes judging insomuch resolution pressing conquering earnestly invade progress fame rigging strict promised discretion ensuing continues universal quickly herring recorded offences aitance colliers holidays doubling fatigue growing_greatness saluted sick settling_affairs observing sixth carefully remind ministers quarrelled park invaded belfast answered deputes persecution twenty_years pension florins_palace afe ten_months banquetingassembled tribunal cork several_persons fore exercies memory lady succeed cutting atisfied conceived persuasion pallas dirt papist promises arch_bishop littleton uddenly bishops small_pox annulled bells deceased hour battle_fought hellish_conspiracy guardianhip sat grave abbot peed motto choose deputies_admiralty forehead thanksgiving penioners retired prophet papal expressing cardinal deigns pr miseries argiers gardiner street weapon tetau_city ns poland peter veneration medals_gold rigour manifest fulham reformed_religion barcelona latter_end reward_takes station john_holt slaughter quickly shovel poture high_treason declaration_indulgence canon_ball foreign_ministers justices sit accutomed mortal_enemy asaph fast apartment life_health swearing henry_killigrew speaker_commons assistance divers_battles romish nobles prevail ter_pendragon debated divine_right faithful ralph_la charging killigrew_ralph amazed brabant ecclesiastical,0.07046979865771812,0.13087248322147652,0.026845637583892617
22,1697,government majesty lords whose religion prince equal peace counsels army faction house guard appeared safety practices name scots commands party earl happy oxford city form order arms lord church fury life petition arts although queen heaven gave present endeavoured counels intended privileges demagogues afterwards formed north raised church_state hopes kings majety honour conditions father person commons use love nobility god justice injuries cause rabble scotland council commission followed returned tumults fear attempts grant moved charles next royal letter power march peers multitude powerful minds vulgar petitions london intend soul success france_ireland fears victory bishops guilty son force benefits thereupon junelarge clergy excuse pretences sufficient sending equally bread commiioners unnatural hurt persuaded prosperous naturally false luxury majeties spent_home peoples discipline shillings bills abolutely_neceary revived apparent unlawful miracle amend ground air something low white compared moreover multitudes partitioned families liberties understood pewterers upport thousands negotiated growth misfortune ambassador_extraordinary supply ecret working_people drawing infection maintaining ministers_state presbytery ineffectual submit entry lives_fortunes juncture exhausted wisdom revenues cheaper street jewels bred principle corn proceeded give_order horrid deluded employ_people mieries notwithstanding iue advantages direct adventuring unknown encouraging products plenty souls cornwall great_advantages confirm altogether honest acting writings hinders collection ubmitted honet lies promied moderation tinners,0.17587939698492464,0.135678391959799,0.005025125628140704
23,1698,case_rep dignities etate condition surrender oblige enter reasons estate transferred quetion fine bury inferior transfer statute_donis peronal personal inherent_blood heirs urged precedents concurrence living contumacy remedy allegation reaons tail absolute perhaps original parents prejudice ecclesiastical heir appointment crime comes shown reference_office caes nature inheritances peerage armatured extinguished question direct proceed visitatorial_power consequently hindered bishop dignity shows breach wound defend gives consent direction constitution objection holds duty titles strange visitation favour annexed defect concluded lords corporations evident hospital custom forfeiture alleged difference actionable pretended truth princes virtue fall exercised plainly deny reader intended conclude exercie hen command commitment necessity nobility incident,0.07,0.06,0.06
24,1699,honest particular_men necessity seems amongt grounded probably question variety pleae corruption please company_affairs doubtless easily obtain welfare choice neglected mankind less fortunes mean greatest preerve honour talk point enquiry save god jose_child apprehend plainly preface mistaken besides wholly skill servants wou prohibiting industry raise vain principles proved opinions attain hearts gifts expect change gentlemen neither standing_army falling stocks complain desire application different qualifications sure evil neceity enough turn hard families beggars dicover notions tend fact rest pleas preserve hardly dare author_eay occasion safety small knew design depend perhaps fail selves serve mind london_weavers opportunities gone unite run indutry examination vast,0.07,0.07,0.03
25,1700,oppoe merit proof cried difficulties amongst air favourable skilful guess condemned experienced honet lye advis exactness pleaure sincerely seldom forbear native_country undertood restrained depend friendship observe wish designed forced new_adventurers considered changed affair reverence liberties impossible submission contrived sincerity glad adventure regard explain integrity obtain easily er ribs_oar protest misfortune interests change reflect inform pleases merch_nay joy protection ability positive relate prudently pity inclinations dipoition constitution contempt quicken stood angry verily_believe unwilling voices undoubted care_taken rank extraordinary sincere temper concerned_look observes unanimous deserve mitake ides lordships oppose introduce understood counsel eye infer cover really_believe sure freely learn propose ndertaking evidenceempire proxy pursuance leaned voyage deceived improper caves seek naval vent_abroad carole turkey_merchant amongst_things heat consist oppoed wisdom deprived great_advantages poible highly fancies past enible lest undertakings athens eae nine ready_money consequences skilful_men expectation poibly northern_trade pounds_fathom divide subscribed national_profit conumed herring remain probably complain centre sensible opportunities practice soever points destroy interets dicover sailors meaures unprofitable jutly promoting convoy envy chritian propoed advances avenge buying_ealing carries hillings engag raiing_oar affect widom shillings spain_america profits etablihing retrain_trade different tate imagined permission conits situated although maxims blow unknown find_difficult tax oblige acceptable main wet awe working_mines raising fihing mariners abandoned restraining,0.1658291457286432,0.08542713567839195,0.01507537688442211
